request_id,strategy,server_id,response_time_ms
0,RoundRobin,srv-1,164.39978945455994
1,RoundRobin,srv-2,149.39791130437985
2,RoundRobin,srv-3,137.88360464009443
3,RoundRobin,srv-4,132.38610883262004
4,RoundRobin,srv-5,124.49761542482217
5,RoundRobin,srv-1,146.82756037495827
6,RoundRobin,srv-2,155.50689633201017
7,RoundRobin,srv-3,140.62679689092892
8,RoundRobin,srv-4,134.43937609010672
9,RoundRobin,srv-5,125.56500404177147
10,RoundRobin,srv-1,146.31219148744236
11,RoundRobin,srv-2,161.56472703745848
12,RoundRobin,srv-3,143.99512675111058
13,RoundRobin,srv-4,136.51083189519997
14,RoundRobin,srv-5,109.4475984009646
15,RoundRobin,srv-1,145.41580711610928
16,RoundRobin,srv-2,155.64758595231058
17,RoundRobin,srv-3,140.68478651863052
18,RoundRobin,srv-4,139.6561795454143
19,RoundRobin,srv-5,110.50639742497246
20,RoundRobin,srv-1,145.85065760461325
21,RoundRobin,srv-2,154.3708183513217
22,RoundRobin,srv-3,150.95558385560687
23,RoundRobin,srv-4,140.29496979006092
24,RoundRobin,srv-5,123.51509807107291
25,RoundRobin,srv-1,151.09981990350457
26,RoundRobin,srv-2,158.00085721887368
27,RoundRobin,srv-3,137.9129564799263
28,RoundRobin,srv-4,133.51246186051526
29,RoundRobin,srv-5,108.82584085274165
30,RoundRobin,srv-1,152.34648786553524
31,RoundRobin,srv-2,151.85622125378976
32,RoundRobin,srv-3,144.8858447643495
33,RoundRobin,srv-4,139.2605953354529
34,RoundRobin,srv-5,113.33547373985515
35,RoundRobin,srv-1,145.49187627611434
36,RoundRobin,srv-2,150.36691204973886
37,RoundRobin,srv-3,155.5793030023269
38,RoundRobin,srv-4,145.24064300492554
39,RoundRobin,srv-5,110.62344816474915
40,RoundRobin,srv-1,150.66593500307096
41,RoundRobin,srv-2,157.64688762484093
42,RoundRobin,srv-3,142.0358664144695
43,RoundRobin,srv-4,137.04056489862577
44,RoundRobin,srv-5,106.92413679025329
45,RoundRobin,srv-1,147.1089184060932
46,RoundRobin,srv-2,153.657251866773
47,RoundRobin,srv-3,144.34535999291197
48,RoundRobin,srv-4,140.87458541586275
49,RoundRobin,srv-5,116.13902727342942
50,RoundRobin,srv-1,149.26819309023452
51,RoundRobin,srv-2,154.99448735969273
52,RoundRobin,srv-3,152.13208988528515
53,RoundRobin,srv-4,136.9250156274897
54,RoundRobin,srv-5,113.48827407572091
55,RoundRobin,srv-1,161.89108706105847
56,RoundRobin,srv-2,151.88482156244868
57,RoundRobin,srv-3,138.83527711828978
58,RoundRobin,srv-4,140.5187704613213
59,RoundRobin,srv-5,121.30249188369787
60,RoundRobin,srv-1,170.51574612103119
61,RoundRobin,srv-2,160.84018148878164
62,RoundRobin,srv-3,143.76783732462633
63,RoundRobin,srv-4,138.0366766351294
64,RoundRobin,srv-5,114.53412717571229
65,RoundRobin,srv-1,148.7805473365842
66,RoundRobin,srv-2,173.49099865350593
67,RoundRobin,srv-3,140.7529781400029
68,RoundRobin,srv-4,137.28534216735537
69,RoundRobin,srv-5,125.83419019842131
70,RoundRobin,srv-1,154.09869270159024
71,RoundRobin,srv-2,157.51819168457942
72,RoundRobin,srv-3,158.45002512513065
73,RoundRobin,srv-4,144.65652043044386
74,RoundRobin,srv-5,114.53293111371681
75,RoundRobin,srv-1,146.4419009863627
76,RoundRobin,srv-2,163.6591013658423
77,RoundRobin,srv-3,162.4040527937516
78,RoundRobin,srv-4,140.22128975418187
79,RoundRobin,srv-5,113.56433248484251
80,RoundRobin,srv-1,149.33422754695684
81,RoundRobin,srv-2,156.35661658554838
82,RoundRobin,srv-3,146.34474933017717
83,RoundRobin,srv-4,141.90177621919597
84,RoundRobin,srv-5,108.50715342764146
85,RoundRobin,srv-1,154.28507115874433
86,RoundRobin,srv-2,158.17287716013288
87,RoundRobin,srv-3,144.9405172723077
88,RoundRobin,srv-4,144.99719054664607
89,RoundRobin,srv-5,114.73399925530735
90,RoundRobin,srv-1,150.6096847074507
91,RoundRobin,srv-2,161.60340035249098
92,RoundRobin,srv-3,143.41693652075628
93,RoundRobin,srv-4,140.85505525519017
94,RoundRobin,srv-5,120.81761144689116
95,RoundRobin,srv-1,153.59955497195588
96,RoundRobin,srv-2,152.51630262576765
97,RoundRobin,srv-3,144.0958106754081
98,RoundRobin,srv-4,152.2857222042448
99,RoundRobin,srv-5,108.93308766651849
100,RoundRobin,srv-1,151.16346314060706
101,RoundRobin,srv-2,157.2462249091074
102,RoundRobin,srv-3,145.32800542305844
103,RoundRobin,srv-4,141.57122326327004
104,RoundRobin,srv-5,120.33495197390567
105,RoundRobin,srv-1,148.1424154557521
106,RoundRobin,srv-2,158.56124368487554
107,RoundRobin,srv-3,153.7189325551407
108,RoundRobin,srv-4,160.20981975289223
109,RoundRobin,srv-5,120.87812335210509
110,RoundRobin,srv-1,152.88678029487068
111,RoundRobin,srv-2,157.51184891021865
112,RoundRobin,srv-3,148.01355633915756
113,RoundRobin,srv-4,149.23055617337712
114,RoundRobin,srv-5,123.56345225010637
115,RoundRobin,srv-1,158.77975013102613
116,RoundRobin,srv-2,159.26472694145423
117,RoundRobin,srv-3,147.85994956638476
118,RoundRobin,srv-4,148.2192477897043
119,RoundRobin,srv-5,123.45963565085418
120,RoundRobin,srv-1,148.73409804012152
121,RoundRobin,srv-2,163.17177074462793
122,RoundRobin,srv-3,143.10810076816452
123,RoundRobin,srv-4,160.8972798619551
124,RoundRobin,srv-5,121.67325638044231
125,RoundRobin,srv-1,153.59225101249783
126,RoundRobin,srv-2,169.11623254785854
127,RoundRobin,srv-3,146.8212333795544
128,RoundRobin,srv-4,155.54692956086578
129,RoundRobin,srv-5,123.4950886995731
130,RoundRobin,srv-1,168.80930514721334
131,RoundRobin,srv-2,156.04524799137772
132,RoundRobin,srv-3,146.009423829716
133,RoundRobin,srv-4,150.7614196397735
134,RoundRobin,srv-5,111.10944297378353
135,RoundRobin,srv-1,155.32314635964912
136,RoundRobin,srv-2,156.18747216891722
137,RoundRobin,srv-3,146.104980274333
138,RoundRobin,srv-4,148.18375090328675
139,RoundRobin,srv-5,115.6448488200884
140,RoundRobin,srv-1,158.84292113544265
141,RoundRobin,srv-2,178.9227682156249
142,RoundRobin,srv-3,154.45675875826865
143,RoundRobin,srv-4,169.33396939167613
144,RoundRobin,srv-5,110.41193661106742
145,RoundRobin,srv-1,149.8953287822441
146,RoundRobin,srv-2,167.11281954107295
147,RoundRobin,srv-3,144.72865905250976
148,RoundRobin,srv-4,160.9479804892499
149,RoundRobin,srv-5,119.00473575499423
150,RoundRobin,srv-1,153.37396959578393
151,RoundRobin,srv-2,164.91074674859118
152,RoundRobin,srv-3,166.28754203579027
153,RoundRobin,srv-4,150.04373156374706
154,RoundRobin,srv-5,116.67677471513046
155,RoundRobin,srv-1,157.01718533108763
156,RoundRobin,srv-2,167.8639462571688
157,RoundRobin,srv-3,149.7198625160106
158,RoundRobin,srv-4,155.03046268527066
159,RoundRobin,srv-5,111.46948679902016
160,RoundRobin,srv-1,162.2178185584154
161,RoundRobin,srv-2,168.77995493431268
162,RoundRobin,srv-3,148.19258843033958
163,RoundRobin,srv-4,155.84207028847
164,RoundRobin,srv-5,116.2454657264677
165,RoundRobin,srv-1,152.40920684856016
166,RoundRobin,srv-2,162.76934279364144
167,RoundRobin,srv-3,148.0726938891593
168,RoundRobin,srv-4,150.5982463273777
169,RoundRobin,srv-5,120.83668297375372
170,RoundRobin,srv-1,150.66018352749322
171,RoundRobin,srv-2,175.26663284434372
172,RoundRobin,srv-3,160.01401342846856
173,RoundRobin,srv-4,163.98343249405974
174,RoundRobin,srv-5,113.31579929313514
175,RoundRobin,srv-1,154.51954480461464
176,RoundRobin,srv-2,183.85065329552785
177,RoundRobin,srv-3,150.37712023137843
178,RoundRobin,srv-4,155.4617777177778
179,RoundRobin,srv-5,117.27998773845125
180,RoundRobin,srv-1,153.26222836484453
181,RoundRobin,srv-2,163.1306019480822
182,RoundRobin,srv-3,166.2338715168717
183,RoundRobin,srv-4,153.97362231555599
184,RoundRobin,srv-5,119.06970453191862
185,RoundRobin,srv-1,151.24250141410005
186,RoundRobin,srv-2,175.91919650018812
187,RoundRobin,srv-3,144.61129337389985
188,RoundRobin,srv-4,158.50296865070462
189,RoundRobin,srv-5,121.55824398333526
190,RoundRobin,srv-1,160.89396233224525
191,RoundRobin,srv-2,165.19980743456466
192,RoundRobin,srv-3,147.59968851903577
193,RoundRobin,srv-4,156.9167758711538
194,RoundRobin,srv-5,119.11077442113363
195,RoundRobin,srv-1,159.73964073628395
196,RoundRobin,srv-2,177.51012640036032
197,RoundRobin,srv-3,147.5900004984546
198,RoundRobin,srv-4,158.2055011508314
199,RoundRobin,srv-5,122.60606396203139
200,RoundRobin,srv-1,152.97236112015392
201,RoundRobin,srv-2,166.8818455994435
202,RoundRobin,srv-3,155.54926296440294
203,RoundRobin,srv-4,158.73288093329427
204,RoundRobin,srv-5,126.15040632517655
205,RoundRobin,srv-1,164.71311409391984
206,RoundRobin,srv-2,172.457095081853
207,RoundRobin,srv-3,150.86387210796198
208,RoundRobin,srv-4,153.12455917386833
209,RoundRobin,srv-5,118.7073526886088
210,RoundRobin,srv-1,160.42267643936864
211,RoundRobin,srv-2,170.21560679835773
212,RoundRobin,srv-3,147.53286274679604
213,RoundRobin,srv-4,162.10190223437687
214,RoundRobin,srv-5,136.0200016768923
215,RoundRobin,srv-1,155.85440883588743
216,RoundRobin,srv-2,168.54191312662473
217,RoundRobin,srv-3,144.91104264663304
218,RoundRobin,srv-4,160.79901602676108
219,RoundRobin,srv-5,129.04219196820765
220,RoundRobin,srv-1,160.61514731857835
221,RoundRobin,srv-2,174.23152468331062
222,RoundRobin,srv-3,157.68308165332263
223,RoundRobin,srv-4,159.45406389378496
224,RoundRobin,srv-5,118.0362167957476
225,RoundRobin,srv-1,158.49561997859706
226,RoundRobin,srv-2,170.1765758508884
227,RoundRobin,srv-3,147.0419941033598
228,RoundRobin,srv-4,161.47796625001808
229,RoundRobin,srv-5,120.0269493862055
230,RoundRobin,srv-1,159.10418616160487
231,RoundRobin,srv-2,166.59792476279694
232,RoundRobin,srv-3,154.70082044630678
233,RoundRobin,srv-4,156.43942331774895
234,RoundRobin,srv-5,115.70779971222653
235,RoundRobin,srv-1,157.26336894567848
236,RoundRobin,srv-2,173.0877157103981
237,RoundRobin,srv-3,152.10457170505808
238,RoundRobin,srv-4,158.12204500613956
239,RoundRobin,srv-5,123.47705675511702
240,RoundRobin,srv-1,177.87436467307367
241,RoundRobin,srv-2,168.78484447162728
242,RoundRobin,srv-3,147.08162734949556
243,RoundRobin,srv-4,160.45859460794745
244,RoundRobin,srv-5,119.65113296337213
245,RoundRobin,srv-1,176.8412160733707
246,RoundRobin,srv-2,176.4322582753724
247,RoundRobin,srv-3,152.15399868627182
248,RoundRobin,srv-4,162.65732919684447
249,RoundRobin,srv-5,115.79469108521947
250,RoundRobin,srv-1,170.3191594228666
251,RoundRobin,srv-2,185.8619482827386
252,RoundRobin,srv-3,149.01785979090266
253,RoundRobin,srv-4,162.60373718584114
254,RoundRobin,srv-5,123.13060093007309
255,RoundRobin,srv-1,157.5841972724818
256,RoundRobin,srv-2,168.90326814958112
257,RoundRobin,srv-3,153.19378422454233
258,RoundRobin,srv-4,172.5086940315586
259,RoundRobin,srv-5,115.98960284761122
260,RoundRobin,srv-1,174.0755063059285
261,RoundRobin,srv-2,173.71524536024685
262,RoundRobin,srv-3,155.59352983375794
263,RoundRobin,srv-4,166.53647912392776
264,RoundRobin,srv-5,128.70782761302564
265,RoundRobin,srv-1,159.28046843663208
266,RoundRobin,srv-2,177.4918177946441
267,RoundRobin,srv-3,150.44454302440346
268,RoundRobin,srv-4,179.2072109721928
269,RoundRobin,srv-5,124.5512797606266
270,RoundRobin,srv-1,167.02319524692302
271,RoundRobin,srv-2,173.46952843515814
272,RoundRobin,srv-3,150.09374478946617
273,RoundRobin,srv-4,173.18141518654235
274,RoundRobin,srv-5,128.16907651962526
275,RoundRobin,srv-1,159.97644696166626
276,RoundRobin,srv-2,177.99677535037335
277,RoundRobin,srv-3,155.32191814882216
278,RoundRobin,srv-4,183.9256743332753
279,RoundRobin,srv-5,122.04521702375888
280,RoundRobin,srv-1,181.3706435146077
281,RoundRobin,srv-2,178.4834134995278
282,RoundRobin,srv-3,151.83015152993542
283,RoundRobin,srv-4,168.1430227539473
284,RoundRobin,srv-5,118.93542918079349
285,RoundRobin,srv-1,166.12668347383925
286,RoundRobin,srv-2,183.6749446099638
287,RoundRobin,srv-3,149.48549606858566
288,RoundRobin,srv-4,167.78015003895246
289,RoundRobin,srv-5,121.29090631740677
290,RoundRobin,srv-1,158.02752040865226
291,RoundRobin,srv-2,180.44911671468546
292,RoundRobin,srv-3,150.84479775877114
293,RoundRobin,srv-4,167.82680791627138
294,RoundRobin,srv-5,116.63501678824846
295,RoundRobin,srv-1,159.28322376451018
296,RoundRobin,srv-2,177.97416052178622
297,RoundRobin,srv-3,153.90345319661586
298,RoundRobin,srv-4,164.52261647351983
299,RoundRobin,srv-5,118.43475156395594
300,RoundRobin,srv-1,167.43139485442745
301,RoundRobin,srv-2,182.9818813997368
302,RoundRobin,srv-3,157.0828806561824
303,RoundRobin,srv-4,177.84480734388063
304,RoundRobin,srv-5,141.7077628030126
305,RoundRobin,srv-1,162.52840101462715
306,RoundRobin,srv-2,179.60288715787274
307,RoundRobin,srv-3,159.62076814688987
308,RoundRobin,srv-4,166.67722228663342
309,RoundRobin,srv-5,131.19600420225228
310,RoundRobin,srv-1,158.61355242424403
311,RoundRobin,srv-2,182.06177765200297
312,RoundRobin,srv-3,162.45754260951395
313,RoundRobin,srv-4,172.65898111978532
314,RoundRobin,srv-5,123.96380356963263
315,RoundRobin,srv-1,166.84478333759367
316,RoundRobin,srv-2,186.50830921962094
317,RoundRobin,srv-3,153.2817147528795
318,RoundRobin,srv-4,170.9916865297781
319,RoundRobin,srv-5,127.50896261764265
320,RoundRobin,srv-1,165.41365092970617
321,RoundRobin,srv-2,198.87325306363857
322,RoundRobin,srv-3,152.64916420291559
323,RoundRobin,srv-4,170.77953227251697
324,RoundRobin,srv-5,134.1732582625793
325,RoundRobin,srv-1,162.67613345710038
326,RoundRobin,srv-2,176.77813278564886
327,RoundRobin,srv-3,152.51794169393756
328,RoundRobin,srv-4,175.56153856179458
329,RoundRobin,srv-5,120.94440962863227
330,RoundRobin,srv-1,172.07802270928622
331,RoundRobin,srv-2,182.0075641570951
332,RoundRobin,srv-3,173.07005339043104
333,RoundRobin,srv-4,175.02699213644536
334,RoundRobin,srv-5,118.68538613782044
335,RoundRobin,srv-1,168.17938938578536
336,RoundRobin,srv-2,179.73355527401543
337,RoundRobin,srv-3,158.4528262942849
338,RoundRobin,srv-4,177.53215193296336
339,RoundRobin,srv-5,128.97206663870284
340,RoundRobin,srv-1,168.8284532495661
341,RoundRobin,srv-2,183.85606985439043
342,RoundRobin,srv-3,158.55894209355284
343,RoundRobin,srv-4,183.41876407954967
344,RoundRobin,srv-5,133.9311511612836
345,RoundRobin,srv-1,166.4208634741294
346,RoundRobin,srv-2,182.26594736805436
347,RoundRobin,srv-3,154.73063836404563
348,RoundRobin,srv-4,181.7318411595615
349,RoundRobin,srv-5,120.8386855837145
350,RoundRobin,srv-1,163.50344084135406
351,RoundRobin,srv-2,181.56961559240773
352,RoundRobin,srv-3,160.11373533634367
353,RoundRobin,srv-4,184.79549792038063
354,RoundRobin,srv-5,125.05796529656844
355,RoundRobin,srv-1,168.48571471846319
356,RoundRobin,srv-2,179.94927080962668
357,RoundRobin,srv-3,153.25838763328923
358,RoundRobin,srv-4,176.1645866412227
359,RoundRobin,srv-5,122.63770913856341
360,RoundRobin,srv-1,163.4363856400246
361,RoundRobin,srv-2,184.7323210103153
362,RoundRobin,srv-3,152.7995377497262
363,RoundRobin,srv-4,191.81020163762736
364,RoundRobin,srv-5,125.82364697172495
365,RoundRobin,srv-1,163.80074582812574
366,RoundRobin,srv-2,187.07016027523275
367,RoundRobin,srv-3,156.24367857688662
368,RoundRobin,srv-4,172.69712672089045
369,RoundRobin,srv-5,120.6536727424359
370,RoundRobin,srv-1,176.53454606480773
371,RoundRobin,srv-2,187.52595842065875
372,RoundRobin,srv-3,152.36432537044354
373,RoundRobin,srv-4,180.44290787768057
374,RoundRobin,srv-5,134.35443928124215
375,RoundRobin,srv-1,167.23119505422665
376,RoundRobin,srv-2,188.03634139794605
377,RoundRobin,srv-3,153.09982908930368
378,RoundRobin,srv-4,182.50684003882728
379,RoundRobin,srv-5,122.90705603066418
380,RoundRobin,srv-1,166.33224430483503
381,RoundRobin,srv-2,180.33496856028927
382,RoundRobin,srv-3,158.88102646045053
383,RoundRobin,srv-4,181.55079609543088
384,RoundRobin,srv-5,125.85413517262393
385,RoundRobin,srv-1,171.21759812063004
386,RoundRobin,srv-2,187.84514917152626
387,RoundRobin,srv-3,152.71179558231756
388,RoundRobin,srv-4,175.71145819720041
389,RoundRobin,srv-5,128.0150367674038
390,RoundRobin,srv-1,172.2446267521032
391,RoundRobin,srv-2,186.29077011823608
392,RoundRobin,srv-3,161.6057233568616
393,RoundRobin,srv-4,178.52184175661895
394,RoundRobin,srv-5,132.10558410947388
395,RoundRobin,srv-1,164.2702077870873
396,RoundRobin,srv-2,191.56508310492592
397,RoundRobin,srv-3,166.23545309492678
398,RoundRobin,srv-4,185.75680695151047
399,RoundRobin,srv-5,125.75461992462226
400,RoundRobin,srv-1,164.37924432297922
401,RoundRobin,srv-2,195.99392560195582
402,RoundRobin,srv-3,155.3383941781785
403,RoundRobin,srv-4,181.32841560324874
404,RoundRobin,srv-5,128.94275019996863
405,RoundRobin,srv-1,180.4098974958804
406,RoundRobin,srv-2,189.3952195705031
407,RoundRobin,srv-3,164.28716027811197
408,RoundRobin,srv-4,181.61436641059242
409,RoundRobin,srv-5,131.76288086822208
410,RoundRobin,srv-1,170.62511764441882
411,RoundRobin,srv-2,202.07479986250948
412,RoundRobin,srv-3,167.47789407369518
413,RoundRobin,srv-4,182.37411798330825
414,RoundRobin,srv-5,129.24729557435953
415,RoundRobin,srv-1,180.47211488729363
416,RoundRobin,srv-2,196.44013924954476
417,RoundRobin,srv-3,160.78954519381813
418,RoundRobin,srv-4,180.59054370244493
419,RoundRobin,srv-5,131.5975437270044
420,RoundRobin,srv-1,170.54862774007304
421,RoundRobin,srv-2,193.80864298558737
422,RoundRobin,srv-3,159.97707731733828
423,RoundRobin,srv-4,187.33189354432508
424,RoundRobin,srv-5,125.15538650318538
425,RoundRobin,srv-1,173.68612915779184
426,RoundRobin,srv-2,189.8776278183562
427,RoundRobin,srv-3,166.60640169794354
428,RoundRobin,srv-4,184.44151700396264
429,RoundRobin,srv-5,133.39656928362
430,RoundRobin,srv-1,173.04916203867504
431,RoundRobin,srv-2,189.87123004224003
432,RoundRobin,srv-3,163.9663144209671
433,RoundRobin,srv-4,191.34993557153075
434,RoundRobin,srv-5,133.3472386452768
435,RoundRobin,srv-1,171.3715436780848
436,RoundRobin,srv-2,200.44185209630373
437,RoundRobin,srv-3,171.11296319788943
438,RoundRobin,srv-4,186.29851368565312
439,RoundRobin,srv-5,130.76944457899523
440,RoundRobin,srv-1,169.1809155064255
441,RoundRobin,srv-2,188.91697281409327
442,RoundRobin,srv-3,174.81133476412447
443,RoundRobin,srv-4,181.9630742261856
444,RoundRobin,srv-5,128.2181616750075
445,RoundRobin,srv-1,166.69682505413462
446,RoundRobin,srv-2,188.9436330199635
447,RoundRobin,srv-3,161.13003141565852
448,RoundRobin,srv-4,182.5559904404728
449,RoundRobin,srv-5,127.96767453608692
450,RoundRobin,srv-1,171.976629095802
451,RoundRobin,srv-2,188.84121835005945
452,RoundRobin,srv-3,160.57428335360967
453,RoundRobin,srv-4,184.71628884108048
454,RoundRobin,srv-5,134.06153266161039
455,RoundRobin,srv-1,169.90105797806913
456,RoundRobin,srv-2,191.31936727271756
457,RoundRobin,srv-3,163.172293949892
458,RoundRobin,srv-4,203.40890379757167
459,RoundRobin,srv-5,127.75959289839335
460,RoundRobin,srv-1,182.1152165507914
461,RoundRobin,srv-2,198.8035882149052
462,RoundRobin,srv-3,157.66894538323868
463,RoundRobin,srv-4,199.4192394800618
464,RoundRobin,srv-5,128.5146811387113
465,RoundRobin,srv-1,172.3171993609471
466,RoundRobin,srv-2,204.02619196426986
467,RoundRobin,srv-3,162.30682305180233
468,RoundRobin,srv-4,192.53824431364694
469,RoundRobin,srv-5,128.5884575566369
470,RoundRobin,srv-1,167.52230477451155
471,RoundRobin,srv-2,198.49213508087666
472,RoundRobin,srv-3,175.3792494987693
473,RoundRobin,srv-4,191.7529815789287
474,RoundRobin,srv-5,131.17744169867012
475,RoundRobin,srv-1,171.68912395527596
476,RoundRobin,srv-2,190.23229524767817
477,RoundRobin,srv-3,160.1519378123756
478,RoundRobin,srv-4,193.13639523919585
479,RoundRobin,srv-5,133.52322402260273
480,RoundRobin,srv-1,173.86194742204177
481,RoundRobin,srv-2,199.15230000108954
482,RoundRobin,srv-3,166.98497818028656
483,RoundRobin,srv-4,192.34458940903306
484,RoundRobin,srv-5,141.62985999982524
485,RoundRobin,srv-1,174.11210626792362
486,RoundRobin,srv-2,196.9122480966706
487,RoundRobin,srv-3,159.307268706179
488,RoundRobin,srv-4,189.9572320642633
489,RoundRobin,srv-5,148.124639856911
490,RoundRobin,srv-1,184.50002177549771
491,RoundRobin,srv-2,196.96433242672967
492,RoundRobin,srv-3,177.393548154744
493,RoundRobin,srv-4,189.6074203335492
494,RoundRobin,srv-5,132.50062594791893
495,RoundRobin,srv-1,181.9382305845336
496,RoundRobin,srv-2,198.61059743212437
497,RoundRobin,srv-3,163.8609614104431
498,RoundRobin,srv-4,202.60836966983555
499,RoundRobin,srv-5,144.16946435426232
0,AI-Based,srv-3,118.12849764628673
1,AI-Based,srv-3,124.75071263035245
2,AI-Based,srv-3,119.90046207013589
3,AI-Based,srv-3,120.39657539650788
4,AI-Based,srv-3,140.26708953740223
5,AI-Based,srv-1,124.05945484216711
6,AI-Based,srv-1,120.79798046564375
7,AI-Based,srv-1,120.7597641737477
8,AI-Based,srv-1,128.67096731498296
9,AI-Based,srv-3,132.7878524409315
10,AI-Based,srv-3,127.09773406863796
11,AI-Based,srv-3,122.98009894634055
12,AI-Based,srv-3,117.96144203138181
13,AI-Based,srv-3,122.52329628586826
14,AI-Based,srv-3,126.4856471389927
15,AI-Based,srv-3,122.5056148622413
16,AI-Based,srv-3,120.22158638814255
17,AI-Based,srv-3,129.5156253705195
18,AI-Based,srv-3,120.1130969197891
19,AI-Based,srv-3,121.5143006669754
20,AI-Based,srv-3,125.57525107850138
21,AI-Based,srv-3,125.87876032194299
22,AI-Based,srv-3,120.02805188633276
23,AI-Based,srv-3,130.2538364061085
24,AI-Based,srv-3,128.34668094079137
25,AI-Based,srv-3,123.81959393168353
26,AI-Based,srv-3,142.66048542483935
27,AI-Based,srv-3,129.14246559313077
28,AI-Based,srv-3,128.61788492839582
29,AI-Based,srv-3,124.0517763949885
30,AI-Based,srv-3,126.58000493355014
31,AI-Based,srv-3,128.34076448629355
32,AI-Based,srv-3,123.28561171055725
33,AI-Based,srv-3,122.56018342684493
34,AI-Based,srv-3,121.08248312205305
35,AI-Based,srv-3,133.7813526124906
36,AI-Based,srv-3,134.18656614816285
37,AI-Based,srv-3,133.3284435028852
38,AI-Based,srv-3,131.6445143976703
39,AI-Based,srv-3,128.0630647023029
40,AI-Based,srv-3,136.31175292721102
41,AI-Based,srv-3,130.57231988099488
42,AI-Based,srv-3,129.9813110546341
43,AI-Based,srv-3,148.9988303352413
44,AI-Based,srv-5,125.58630905227812
45,AI-Based,srv-5,127.13891620628496
46,AI-Based,srv-5,122.78344136325093
47,AI-Based,srv-5,132.2638110945569
48,AI-Based,srv-5,122.51018840947549
49,AI-Based,srv-5,131.8857217632248
50,AI-Based,srv-5,127.80452510761161
51,AI-Based,srv-5,127.29666140929088
52,AI-Based,srv-5,129.25205195257567
53,AI-Based,srv-5,128.26152271203452
54,AI-Based,srv-5,129.69089177273034
55,AI-Based,srv-5,128.41322020530527
56,AI-Based,srv-5,136.9944277308668
57,AI-Based,srv-1,121.14256813260239
58,AI-Based,srv-1,121.9620664958197
59,AI-Based,srv-1,141.07292136711138
60,AI-Based,srv-1,123.35376983956625
61,AI-Based,srv-1,125.52959735066673
62,AI-Based,srv-1,127.9205152132921
63,AI-Based,srv-1,121.90508393948812
64,AI-Based,srv-1,128.37160681018506
65,AI-Based,srv-1,131.10765083067005
66,AI-Based,srv-1,121.15226847741839
67,AI-Based,srv-1,128.37083910429277
68,AI-Based,srv-1,137.29736248838103
69,AI-Based,srv-1,126.77298602728926
70,AI-Based,srv-1,131.5414683045597
71,AI-Based,srv-1,138.82167250302334
72,AI-Based,srv-1,125.48232827516114
73,AI-Based,srv-1,138.95491520269735
74,AI-Based,srv-1,129.45377807523013
75,AI-Based,srv-1,124.77446514737179
76,AI-Based,srv-1,125.31801078381073
77,AI-Based,srv-1,127.95406238261519
78,AI-Based,srv-1,124.91341464577287
79,AI-Based,srv-1,134.63583004177028
80,AI-Based,srv-1,134.07750895495946
81,AI-Based,srv-1,129.7125919928246
82,AI-Based,srv-1,133.53740815337392
83,AI-Based,srv-1,138.31497100830518
84,AI-Based,srv-1,141.06412417021264
85,AI-Based,srv-1,139.54998365425914
86,AI-Based,srv-1,141.71274737254362
87,AI-Based,srv-1,129.60839369662085
88,AI-Based,srv-1,135.30668238166797
89,AI-Based,srv-1,126.70469620804268
90,AI-Based,srv-1,128.96834859709253
91,AI-Based,srv-1,131.37760148233212
92,AI-Based,srv-1,127.94832558145207
93,AI-Based,srv-1,134.50573448779528
94,AI-Based,srv-1,132.48337430540556
95,AI-Based,srv-1,150.60503086291664
96,AI-Based,srv-1,133.27460989864625
97,AI-Based,srv-1,139.11746565639672
98,AI-Based,srv-1,132.99121046739168
99,AI-Based,srv-1,135.5518573891219
100,AI-Based,srv-1,130.54685262472657
101,AI-Based,srv-1,149.3372973931818
102,AI-Based,srv-1,136.91510034943238
103,AI-Based,srv-1,146.26337591828803
104,AI-Based,srv-1,133.97160897252917
105,AI-Based,srv-1,129.94939868956104
106,AI-Based,srv-1,142.69242612884807
107,AI-Based,srv-1,133.70116275973618
108,AI-Based,srv-1,143.29580248809134
109,AI-Based,srv-1,137.47077533996796
110,AI-Based,srv-1,137.87656699838314
111,AI-Based,srv-1,134.72384282468218
112,AI-Based,srv-1,146.44451129666385
113,AI-Based,srv-1,137.42145703032514
114,AI-Based,srv-1,136.83664490075014
115,AI-Based,srv-1,136.65455350658624
116,AI-Based,srv-1,136.58728869512544
117,AI-Based,srv-1,144.28942318457487
118,AI-Based,srv-3,124.6083962738049
119,AI-Based,srv-3,130.19526062786628
120,AI-Based,srv-3,124.86470569310596
121,AI-Based,srv-3,130.91402506923305
122,AI-Based,srv-3,133.5831931846908
123,AI-Based,srv-3,127.2116486689304
124,AI-Based,srv-3,126.00994530182724
125,AI-Based,srv-3,126.2503294681523
126,AI-Based,srv-3,137.1302696657535
127,AI-Based,srv-3,124.95137270697221
128,AI-Based,srv-3,130.116488068677
129,AI-Based,srv-3,136.36059240851
130,AI-Based,srv-3,132.4121742004297
131,AI-Based,srv-3,128.31200839552264
132,AI-Based,srv-3,142.5742712669455
133,AI-Based,srv-3,137.6565468281709
134,AI-Based,srv-3,132.3486491737952
135,AI-Based,srv-3,132.21378730626327
136,AI-Based,srv-3,132.2302142523047
137,AI-Based,srv-3,126.10564210197676
138,AI-Based,srv-3,137.13209212351077
139,AI-Based,srv-3,129.03562326032616
140,AI-Based,srv-3,128.6568387523344
141,AI-Based,srv-3,130.4619799930893
142,AI-Based,srv-3,135.10926944246438
143,AI-Based,srv-3,140.4461104716383
144,AI-Based,srv-3,144.82335310399975
145,AI-Based,srv-3,129.46569791866565
146,AI-Based,srv-3,130.47073664141394
147,AI-Based,srv-3,130.1474482223689
148,AI-Based,srv-3,130.56740569312913
149,AI-Based,srv-3,137.74724701210334
150,AI-Based,srv-3,141.03365087928168
151,AI-Based,srv-3,134.5363697772741
152,AI-Based,srv-3,135.56921936190525
153,AI-Based,srv-3,143.442927736233
154,AI-Based,srv-3,133.40713796530935
155,AI-Based,srv-3,134.3327979565984
156,AI-Based,srv-3,140.41049468817843
157,AI-Based,srv-3,144.69565461923222
158,AI-Based,srv-3,137.7017269941169
159,AI-Based,srv-3,150.89441935772896
160,AI-Based,srv-3,135.50265551663873
161,AI-Based,srv-3,149.27090224773184
162,AI-Based,srv-3,142.63619541350602
163,AI-Based,srv-3,145.22977956777984
164,AI-Based,srv-3,155.22164495650966
165,AI-Based,srv-3,137.48142207271127
166,AI-Based,srv-3,141.01575460094926
167,AI-Based,srv-3,137.2450213966436
168,AI-Based,srv-3,140.37347048902686
169,AI-Based,srv-3,149.79053321445164
170,AI-Based,srv-3,135.67723600572563
171,AI-Based,srv-3,145.26900358086766
172,AI-Based,srv-3,138.71594971544394
173,AI-Based,srv-3,137.13580467608776
174,AI-Based,srv-3,136.83367212105105
175,AI-Based,srv-3,153.5342150517913
176,AI-Based,srv-3,148.92128730816023
177,AI-Based,srv-3,137.3739797389003
178,AI-Based,srv-3,145.16260461713668
179,AI-Based,srv-3,137.29018627406458
180,AI-Based,srv-3,136.8060139981844
181,AI-Based,srv-3,136.67028318445333
182,AI-Based,srv-3,140.02584239642655
183,AI-Based,srv-3,147.37490700988246
184,AI-Based,srv-3,137.42597626882608
185,AI-Based,srv-3,147.43668722841278
186,AI-Based,srv-3,141.65200527450662
187,AI-Based,srv-3,140.861395279703
188,AI-Based,srv-3,143.20577968169414
189,AI-Based,srv-3,135.97375442921856
190,AI-Based,srv-3,149.07808698039898
191,AI-Based,srv-5,128.80398458867242
192,AI-Based,srv-5,132.67241191792326
193,AI-Based,srv-5,131.12513806067332
194,AI-Based,srv-5,126.55207641637949
195,AI-Based,srv-5,136.11357772431612
196,AI-Based,srv-5,134.66296432882942
197,AI-Based,srv-5,132.3783733267393
198,AI-Based,srv-5,131.61176962606137
199,AI-Based,srv-5,133.36704515276804
200,AI-Based,srv-5,133.20581655790448
201,AI-Based,srv-5,133.0539670682783
202,AI-Based,srv-5,142.4603419000183
203,AI-Based,srv-5,131.9399357150163
204,AI-Based,srv-5,141.05778714535762
205,AI-Based,srv-5,127.74350033136045
206,AI-Based,srv-5,125.92760994002906
207,AI-Based,srv-5,130.28379918471552
208,AI-Based,srv-5,126.55340017103927
209,AI-Based,srv-5,133.9598518785716
210,AI-Based,srv-5,132.67296294034722
211,AI-Based,srv-5,130.79944517613234
212,AI-Based,srv-5,138.4768684195183
213,AI-Based,srv-5,131.04814134728224
214,AI-Based,srv-5,133.88713168058155
215,AI-Based,srv-5,134.11292803318534
216,AI-Based,srv-5,134.68542306104405
217,AI-Based,srv-5,133.14692278395793
218,AI-Based,srv-5,140.16487645867355
219,AI-Based,srv-5,134.07649852431098
220,AI-Based,srv-5,136.9535123816002
221,AI-Based,srv-5,131.41029460288863
222,AI-Based,srv-5,132.18877874302345
223,AI-Based,srv-5,132.06144352477486
224,AI-Based,srv-5,129.76610925180455
225,AI-Based,srv-5,140.54873625965155
226,AI-Based,srv-5,139.22561420412083
227,AI-Based,srv-5,137.26498927182124
228,AI-Based,srv-5,141.0188578781752
229,AI-Based,srv-5,132.44427811547408
230,AI-Based,srv-5,140.3951727586351
231,AI-Based,srv-5,163.6972526742902
232,AI-Based,srv-5,132.56470839351545
233,AI-Based,srv-5,146.1089208545647
234,AI-Based,srv-5,138.51754850970568
235,AI-Based,srv-5,155.91556387408576
236,AI-Based,srv-5,138.43083274101267
237,AI-Based,srv-5,137.39465727159998
238,AI-Based,srv-5,143.28353636001708
239,AI-Based,srv-5,144.54012803637556
240,AI-Based,srv-5,143.46651560734762
241,AI-Based,srv-5,139.38190360894154
242,AI-Based,srv-5,140.073928380418
243,AI-Based,srv-5,136.88106568345336
244,AI-Based,srv-5,142.33810609015626
245,AI-Based,srv-5,152.48372038512412
246,AI-Based,srv-3,146.26658837934755
247,AI-Based,srv-3,138.19462514668746
248,AI-Based,srv-3,148.44391627483304
249,AI-Based,srv-3,137.8875378268304
250,AI-Based,srv-3,143.00799491744988
251,AI-Based,srv-3,156.30281030309052
252,AI-Based,srv-1,147.18940467251142
253,AI-Based,srv-1,139.2644098845416
254,AI-Based,srv-1,144.2360075825257
255,AI-Based,srv-1,139.81148610232523
256,AI-Based,srv-1,136.04955849931363
257,AI-Based,srv-1,141.7601378159316
258,AI-Based,srv-1,145.94560327964837
259,AI-Based,srv-1,145.68031630151276
260,AI-Based,srv-1,137.8756557723847
261,AI-Based,srv-1,148.55140350845585
262,AI-Based,srv-1,145.79002383132664
263,AI-Based,srv-1,140.73714159267604
264,AI-Based,srv-1,143.87202130010206
265,AI-Based,srv-1,145.3345093057293
266,AI-Based,srv-1,152.7829864867208
267,AI-Based,srv-1,140.17967481513216
268,AI-Based,srv-1,145.76990356061106
269,AI-Based,srv-1,143.18433737435322
270,AI-Based,srv-1,152.17860556620826
271,AI-Based,srv-1,155.38598413822442
272,AI-Based,srv-1,156.1047913850238
273,AI-Based,srv-1,150.03900029423392
274,AI-Based,srv-1,146.1493501963923
275,AI-Based,srv-1,145.76581130798272
276,AI-Based,srv-1,146.45542204226075
277,AI-Based,srv-1,148.1636415975081
278,AI-Based,srv-1,143.37455835154014
279,AI-Based,srv-1,157.26358249151517
280,AI-Based,srv-3,138.22780583302122
281,AI-Based,srv-3,139.81882975037888
282,AI-Based,srv-3,148.211098779466
283,AI-Based,srv-3,140.3239470856027
284,AI-Based,srv-3,144.402042468721
285,AI-Based,srv-3,141.1465504064043
286,AI-Based,srv-3,139.40227454547622
287,AI-Based,srv-3,149.0361944047598
288,AI-Based,srv-3,146.41092949817406
289,AI-Based,srv-3,147.08621621457786
290,AI-Based,srv-3,146.26690090981384
291,AI-Based,srv-3,152.13713229849148
292,AI-Based,srv-5,137.06607527268417
293,AI-Based,srv-5,140.3223673841967
294,AI-Based,srv-5,147.37139240455463
295,AI-Based,srv-5,141.7613073124999
296,AI-Based,srv-5,144.8226527289381
297,AI-Based,srv-5,144.31279544688311
298,AI-Based,srv-5,148.2071787273365
299,AI-Based,srv-5,146.09085002627285
300,AI-Based,srv-5,155.19098712148616
301,AI-Based,srv-5,153.22324609373217
302,AI-Based,srv-5,148.48678081161515
303,AI-Based,srv-5,138.22574518013167
304,AI-Based,srv-5,160.38642014746287
305,AI-Based,srv-5,159.10364097578315
306,AI-Based,srv-3,151.1679169333587
307,AI-Based,srv-3,140.65497796960918
308,AI-Based,srv-3,143.59283180294833
309,AI-Based,srv-3,142.8980324610898
310,AI-Based,srv-3,149.52748777314213
311,AI-Based,srv-3,149.17244320480887
312,AI-Based,srv-3,147.02587039912729
313,AI-Based,srv-3,142.9289156036075
314,AI-Based,srv-3,147.92541238463102
315,AI-Based,srv-3,142.2142081636179
316,AI-Based,srv-3,152.28661241108819
317,AI-Based,srv-3,142.03200156731015
318,AI-Based,srv-3,146.29142679259144
319,AI-Based,srv-3,147.0572455158371
320,AI-Based,srv-3,152.86874993578186
321,AI-Based,srv-3,150.47042483059587
322,AI-Based,srv-3,153.76021213017486
323,AI-Based,srv-3,155.93560297594763
324,AI-Based,srv-5,146.637176678729
325,AI-Based,srv-5,146.3646064192952
326,AI-Based,srv-5,149.8244193787364
327,AI-Based,srv-5,140.73273664057842
328,AI-Based,srv-5,146.08117231738052
329,AI-Based,srv-5,175.67718406830892
330,AI-Based,srv-5,146.0879986787389
331,AI-Based,srv-5,148.4423039243956
332,AI-Based,srv-5,154.70874378783532
333,AI-Based,srv-5,153.54777534472336
334,AI-Based,srv-2,148.61261369713577
335,AI-Based,srv-2,157.73645079927735
336,AI-Based,srv-3,154.61657450662992
337,AI-Based,srv-3,149.2534338812756
338,AI-Based,srv-3,154.10293989215327
339,AI-Based,srv-3,146.1267147133807
340,AI-Based,srv-3,150.35243963343413
341,AI-Based,srv-3,156.64630297699233
342,AI-Based,srv-3,150.73074577014174
343,AI-Based,srv-3,155.42653091519645
344,AI-Based,srv-3,142.3602444293635
345,AI-Based,srv-3,145.97211545699437
346,AI-Based,srv-3,160.38623791762407
347,AI-Based,srv-3,151.265731750174
348,AI-Based,srv-3,151.5446483492964
349,AI-Based,srv-3,151.51054884548915
350,AI-Based,srv-3,147.68018233160416
351,AI-Based,srv-3,158.04978689598047
352,AI-Based,srv-3,145.38673078395107
353,AI-Based,srv-3,150.8012214083825
354,AI-Based,srv-3,146.99003771808916
355,AI-Based,srv-3,145.8759941154128
356,AI-Based,srv-3,152.09391374242426
357,AI-Based,srv-3,149.1422695732308
358,AI-Based,srv-3,152.19594849856816
359,AI-Based,srv-3,148.34403456586026
360,AI-Based,srv-3,146.22594736947096
361,AI-Based,srv-3,150.26514790003574
362,AI-Based,srv-3,147.13384571703818
363,AI-Based,srv-3,155.03277176380672
364,AI-Based,srv-3,159.68337828761395
365,AI-Based,srv-5,150.38758434406668
366,AI-Based,srv-5,146.5701806685994
367,AI-Based,srv-5,151.16572617141208
368,AI-Based,srv-5,153.07557478466754
369,AI-Based,srv-5,152.02103070695475
370,AI-Based,srv-5,140.82373526091746
371,AI-Based,srv-5,153.6085036617016
372,AI-Based,srv-5,147.4604218215714
373,AI-Based,srv-5,148.45995091127512
374,AI-Based,srv-5,156.05893690157654
375,AI-Based,srv-5,150.15502411726902
376,AI-Based,srv-5,153.68007055663242
377,AI-Based,srv-5,155.96965611997362
378,AI-Based,srv-5,152.71897589931123
379,AI-Based,srv-5,152.24212292381546
380,AI-Based,srv-5,151.45223512527159
381,AI-Based,srv-5,159.68244388265563
382,AI-Based,srv-3,149.79466924943793
383,AI-Based,srv-3,155.51533514982663
384,AI-Based,srv-3,156.38906393003845
385,AI-Based,srv-3,151.6201551423117
386,AI-Based,srv-3,153.1689390277625
387,AI-Based,srv-3,167.76137944928868
388,AI-Based,srv-3,151.5778348173238
389,AI-Based,srv-3,163.09664987947534
390,AI-Based,srv-3,161.10238193628894
391,AI-Based,srv-3,150.2148321336315
392,AI-Based,srv-3,152.49257762210547
393,AI-Based,srv-3,154.07109002007954
394,AI-Based,srv-3,156.86116096001044
395,AI-Based,srv-3,162.57406986007996
396,AI-Based,srv-3,152.86591099500458
397,AI-Based,srv-3,151.02372381569486
398,AI-Based,srv-3,153.66613502946535
399,AI-Based,srv-3,161.94214594948883
400,AI-Based,srv-3,164.0990532799751
401,AI-Based,srv-3,155.12101554060644
402,AI-Based,srv-3,158.29220856018426
403,AI-Based,srv-3,162.7358390852992
404,AI-Based,srv-1,145.47447734260248
405,AI-Based,srv-1,144.17124373758875
406,AI-Based,srv-1,147.8688432688614
407,AI-Based,srv-1,152.88979768979544
408,AI-Based,srv-1,158.40525623242823
409,AI-Based,srv-1,148.29457348898814
410,AI-Based,srv-1,147.29839041167384
411,AI-Based,srv-1,152.60069679814652
412,AI-Based,srv-1,151.10304138227448
413,AI-Based,srv-1,147.66906163429024
414,AI-Based,srv-1,150.14378799017695
415,AI-Based,srv-1,154.8665554803664
416,AI-Based,srv-1,163.9626445739337
417,AI-Based,srv-1,154.1585623653227
418,AI-Based,srv-1,157.53982029772425
419,AI-Based,srv-1,167.64054289416327
420,AI-Based,srv-4,150.77354227231407
421,AI-Based,srv-4,149.76984286152376
422,AI-Based,srv-4,163.9593921578883
423,AI-Based,srv-4,151.11458985236874
424,AI-Based,srv-4,155.58337236001535
425,AI-Based,srv-4,148.94038221255352
426,AI-Based,srv-4,154.0626430013558
427,AI-Based,srv-4,158.91377371020567
428,AI-Based,srv-5,151.1717833362984
429,AI-Based,srv-5,154.98592901756686
430,AI-Based,srv-1,163.57605774861196
431,AI-Based,srv-1,172.73047973434004
432,AI-Based,srv-1,151.55155809662793
433,AI-Based,srv-1,150.2240520821073
434,AI-Based,srv-1,150.86180262095755
435,AI-Based,srv-1,159.27731277843571
436,AI-Based,srv-1,155.98307052356563
437,AI-Based,srv-1,156.95321035697268
438,AI-Based,srv-1,152.0408552646213
439,AI-Based,srv-1,161.50629224450057
440,AI-Based,srv-1,160.8448132087184
441,AI-Based,srv-3,170.3827321891561
442,AI-Based,srv-5,146.28412450533835
443,AI-Based,srv-5,158.81106413608674
444,AI-Based,srv-2,161.83986106038373
445,AI-Based,srv-2,145.85857972891918
446,AI-Based,srv-2,149.23988367998564
447,AI-Based,srv-2,155.71519030049245
448,AI-Based,srv-2,172.4671856208229
449,AI-Based,srv-5,149.21504226136622
450,AI-Based,srv-5,157.61537103093377
451,AI-Based,srv-5,161.45774786952072
452,AI-Based,srv-5,155.9733515492781
453,AI-Based,srv-5,150.50286669480175
454,AI-Based,srv-5,150.14590089036028
455,AI-Based,srv-5,156.44010563117587
456,AI-Based,srv-5,161.16560791372183
457,AI-Based,srv-5,153.82471950659067
458,AI-Based,srv-5,149.77765404989879
459,AI-Based,srv-5,148.78630449765922
460,AI-Based,srv-5,151.03174013868545
461,AI-Based,srv-5,159.68456403630336
462,AI-Based,srv-5,161.82694069771338
463,AI-Based,srv-3,149.37614855650736
464,AI-Based,srv-3,166.92495806934218
465,AI-Based,srv-3,153.2787554031316
466,AI-Based,srv-3,154.9528391634451
467,AI-Based,srv-3,163.01469795690844
468,AI-Based,srv-3,155.14879273833114
469,AI-Based,srv-3,155.2004808616347
470,AI-Based,srv-3,154.46327750220266
471,AI-Based,srv-3,155.97665203082474
472,AI-Based,srv-3,157.63654031767481
473,AI-Based,srv-3,158.40603553009316
474,AI-Based,srv-3,165.60946747251603
475,AI-Based,srv-3,175.67837350367807
476,AI-Based,srv-3,156.81568716958566
477,AI-Based,srv-3,155.38608122363055
478,AI-Based,srv-3,158.69045079271083
479,AI-Based,srv-3,160.17016510912825
480,AI-Based,srv-3,157.50223851898815
481,AI-Based,srv-3,160.11849330069077
482,AI-Based,srv-3,160.03435158004459
483,AI-Based,srv-3,152.1540217339268
484,AI-Based,srv-3,155.92307678321913
485,AI-Based,srv-3,153.4037592609754
486,AI-Based,srv-3,156.55416049112486
487,AI-Based,srv-3,152.20324383782173
488,AI-Based,srv-3,157.57736968316587
489,AI-Based,srv-3,155.78719624072042
490,AI-Based,srv-3,153.79445962788276
491,AI-Based,srv-3,156.60023582360844
492,AI-Based,srv-3,153.65749347769554
493,AI-Based,srv-3,164.65461671927557
494,AI-Based,srv-3,158.3540016270957
495,AI-Based,srv-3,161.95647308878605
496,AI-Based,srv-3,156.4865174599079
497,AI-Based,srv-3,158.60212236521474
498,AI-Based,srv-3,159.63363940706384
499,AI-Based,srv-3,163.78327097197356
